{"graph": {"_type": "graph-file", "sha256": "009b342f17be8f7d8a11e317abbaec539d5e9ccf381151c5a1617de589bbd7d4", "size": 803, "path": "media/graph/graph_summary_009b342f17be8f7d8a11.graph.json"}, "epoch": 0, "_timestamp": 1685445471.8486094, "loss": 1.1848852634429932, "accuracy": 0.05917191132903099, "val_loss": 0.7030305862426758, "val_accuracy": 0.02962549589574337, "_runtime": 165.25467348098755, "_step": 0, "best_val_loss": 0.7030305862426758, "best_epoch": 0, "_wandb": {"runtime": 208}}