{"accuracy": 0.05831722170114517, "loss": 1.1890243291854858, "_timestamp": 1685307364.7706585, "_runtime": 476.63003039360046, "_step": 0, "_wandb": {"runtime": 476}}