{"accuracy": 0.04672161117196083, "loss": 1.3545998334884644, "_timestamp": 1685309271.9960155, "_runtime": 147.4193274974823, "_step": 0, "_wandb": {"runtime": 147}}