{"accuracy": 0.0007366219651885331, "loss": 0.16407032310962677, "_timestamp": 1684967431.900936, "_runtime": 42.07331299781799, "_step": 0, "_wandb": {"runtime": 42}}