{"accuracy": 0.052546411752700806, "loss": 1.2742563486099243, "_timestamp": 1685308974.2215128, "_runtime": 477.2861678600311, "_step": 0, "_wandb": {"runtime": 477}}