{"accuracy": 0.07144629955291748, "loss": 1.4136594533920288, "_timestamp": 1684943790.1271765, "_runtime": 200.82330560684204, "_step": 3, "_wandb": {"runtime": 218}}