{"accuracy": 0.0007841460173949599, "loss": 0.15196388959884644, "_timestamp": 1684967577.1104581, "_runtime": 85.99140310287476, "_step": 0, "_wandb": {"runtime": 86}}