{"accuracy": 0.03852669522166252, "loss": 0.9013446569442749, "_timestamp": 1684960661.7203395, "_runtime": 98.34482860565186, "_step": 0, "_wandb": {"runtime": 98}}