{"accuracy": 0.05941544473171234, "loss": 1.1804898977279663, "_timestamp": 1685305531.4608428, "_runtime": 1139.9388737678528, "_step": 0, "_wandb": {"runtime": 1139}}