{"accuracy": 0.07162145525217056, "loss": 1.4111275672912598, "_timestamp": 1684879650.3866239, "_runtime": 283.8242509365082, "_step": 3, "_wandb": {"runtime": 301}}