{"accuracy": 0.02901940792798996, "loss": 0.8328896760940552, "_timestamp": 1685311476.8687112, "_runtime": 371.29878425598145, "_step": 0, "_wandb": {"runtime": 371}}