{"graph": {"_type": "graph-file", "sha256": "009b342f17be8f7d8a11e317abbaec539d5e9ccf381151c5a1617de589bbd7d4", "size": 803, "path": "media/graph/graph_summary_009b342f17be8f7d8a11.graph.json"}, "epoch": 0, "_timestamp": 1685446247.7860582, "loss": 1.1865730285644531, "accuracy": 0.05710417404770851, "val_loss": 0.7088406682014465, "val_accuracy": 0.02962549589574337, "_runtime": 212.88106513023376, "_step": 0, "best_val_loss": 0.7088406682014465, "best_epoch": 0, "_wandb": {"runtime": 248}}