{"accuracy": 0.06570707261562347, "loss": 1.4335126876831055, "_timestamp": 1684943454.7742014, "_runtime": 94.83480048179626, "_step": 1, "_wandb": {"runtime": 100}}