{"accuracy": 0.0028344672173261642, "loss": 0.654312252998352, "_timestamp": 1684967356.104818, "_runtime": 19.520122051239014, "_step": 0, "_wandb": {"runtime": 19}}