{"accuracy": 0.07144515961408615, "loss": 1.4143036603927612, "_timestamp": 1684934973.4064329, "_runtime": 2424.632269859314, "_step": 3, "_wandb": {"runtime": 2437}}