{"accuracy": 0.05904560163617134, "loss": 1.1818263530731201, "_timestamp": 1685306600.336217, "_runtime": 147.16019701957703, "_step": 0, "_wandb": {"runtime": 147}}