{"accuracy": [0.04205673560500145, 0.0406673327088356, 0.03975746035575867], "loss": [1.3451300859451294, 1.3332812786102295, 1.4380964040756226], "_timestamp": 1685369737.3315737, "_runtime": 414.26162672042847, "_step": 0, "_wandb": {"runtime": 414}}